-- -----------------------------------------------------
-- Data for table `nfldb`.`Season`
-- -----------------------------------------------------
START TRANSACTION;
USE `nfldb`;
INSERT INTO `nfldb`.`Season` (`id`, `Season`, `Sport`, `Superbowl`) VALUES ('1', '2013', 'Football', '48');

COMMIT;


-- -----------------------------------------------------
-- Data for table `nfldb`.`nfl_team`
-- -----------------------------------------------------
START TRANSACTION;
USE `nfldb`;
INSERT INTO `nfldb`.`nfl_team` (`id`, `team_name`, `city`, `arena`) VALUES ('1', 'Redskins', 'Landover', 'Fed Ex Field');
INSERT INTO `nfldb`.`nfl_team` (`id`, `team_name`, `city`, `arena`) VALUES ('2', 'Giants', 'East Rutherford', 'Met Life Stadium');
INSERT INTO `nfldb`.`nfl_team` (`id`, `team_name`, `city`, `arena`) VALUES ('3', 'Packers', 'Green Bay', 'Lambeau Field');
INSERT INTO `nfldb`.`nfl_team` (`id`, `team_name`, `city`, `arena`) VALUES ('4', 'Dallas', 'Arlington', 'AT&T Stadium');
INSERT INTO `nfldb`.`nfl_team` (`id`, `team_name`, `city`, `arena`) VALUES ('5', 'Chiefs', 'Kansas City', 'Arrowhead Stadium');
INSERT INTO `nfldb`.`nfl_team` (`id`, `team_name`, `city`, `arena`) VALUES ('6', 'Broncos', 'Denver', 'Sports Authority Field at Mile High');
INSERT INTO `nfldb`.`nfl_team` (`id`, `team_name`, `city`, `arena`) VALUES ('7', 'Dolphins', 'Miami Gardens', 'Sun Life Stadium');
INSERT INTO `nfldb`.`nfl_team` (`id`, `team_name`, `city`, `arena`) VALUES ('8', 'Panthers', 'Charlotte', 'Bank of America Stadium');
INSERT INTO `nfldb`.`nfl_team` (`id`, `team_name`, `city`, `arena`) VALUES ('9', 'Saints', 'New Orleans', 'Mercedes-Benz Superdome');
INSERT INTO `nfldb`.`nfl_team` (`id`, `team_name`, `city`, `arena`) VALUES ('10', 'Browns', 'Cleveland', 'First Energy Stadium');
INSERT INTO `nfldb`.`nfl_team` (`id`, `team_name`, `city`, `arena`) VALUES ('11', 'Bills', 'Orchard Park', 'Ralph Wilson Stadium');
INSERT INTO `nfldb`.`nfl_team` (`id`, `team_name`, `city`, `arena`) VALUES ('12', 'Falcons', 'Atlanta', 'Georgia Dome');
INSERT INTO `nfldb`.`nfl_team` (`id`, `team_name`, `city`, `arena`) VALUES ('13', 'Texans', 'Houston', 'NRG Stadium');
INSERT INTO `nfldb`.`nfl_team` (`id`, `team_name`, `city`, `arena`) VALUES ('14', 'Ravens', 'Baltimore', 'M&T Bank Stadium');
INSERT INTO `nfldb`.`nfl_team` (`id`, `team_name`, `city`, `arena`) VALUES ('15', 'Chargers', 'San Diego', 'Qualcomm Stadium');
INSERT INTO `nfldb`.`nfl_team` (`id`, `team_name`, `city`, `arena`) VALUES ('16', 'Titans', 'Nashville', 'LP Field');
INSERT INTO `nfldb`.`nfl_team` (`id`, `team_name`, `city`, `arena`) VALUES ('17', 'Patriots', 'Foxborough', 'Gillette Stadium');
INSERT INTO `nfldb`.`nfl_team` (`id`, `team_name`, `city`, `arena`) VALUES ('18', 'Eagles', 'Philadelphia', 'Lincoln Financial Field');
INSERT INTO `nfldb`.`nfl_team` (`id`, `team_name`, `city`, `arena`) VALUES ('19', '49ers', 'Santa Clara', 'Levi\'s Stadium');
INSERT INTO `nfldb`.`nfl_team` (`id`, `team_name`, `city`, `arena`) VALUES ('20', 'Jaguars', 'Jacksonville', 'EverBank Field');
INSERT INTO `nfldb`.`nfl_team` (`id`, `team_name`, `city`, `arena`) VALUES ('21', 'Seahawks', 'Seattle', 'Centry Link field');
INSERT INTO `nfldb`.`nfl_team` (`id`, `team_name`, `city`, `arena`) VALUES ('22', 'Rams', 'St. Louis', 'Edward Jones Dome');
INSERT INTO `nfldb`.`nfl_team` (`id`, `team_name`, `city`, `arena`) VALUES ('23', 'Bucs', 'Tampa', 'Raymond James Stadium');
INSERT INTO `nfldb`.`nfl_team` (`id`, `team_name`, `city`, `arena`) VALUES ('24', 'Bengals', 'Cincinnati', 'Paul Brown Stadium');
INSERT INTO `nfldb`.`nfl_team` (`id`, `team_name`, `city`, `arena`) VALUES ('25', 'Steelers', 'Pittsburgh', 'Heinz Field');
INSERT INTO `nfldb`.`nfl_team` (`id`, `team_name`, `city`, `arena`) VALUES ('26', 'Lions', 'Detroit', 'Ford Field');
INSERT INTO `nfldb`.`nfl_team` (`id`, `team_name`, `city`, `arena`) VALUES ('27', 'Cardinals', 'Glendale', 'University of Phoenix Stadium');
INSERT INTO `nfldb`.`nfl_team` (`id`, `team_name`, `city`, `arena`) VALUES ('28', 'Colts', 'Indianapolis', 'Lucas Oil Stadium');
INSERT INTO `nfldb`.`nfl_team` (`id`, `team_name`, `city`, `arena`) VALUES ('29', 'Bears', 'Chicago', 'Soldier Field');
INSERT INTO `nfldb`.`nfl_team` (`id`, `team_name`, `city`, `arena`) VALUES ('30', 'Raiders', 'Oakland', 'O.co Coliseum');
INSERT INTO `nfldb`.`nfl_team` (`id`, `team_name`, `city`, `arena`) VALUES ('31', 'Vikings', 'Minneapolis', 'TCF Bank Stadium');
INSERT INTO `nfldb`.`nfl_team` (`id`, `team_name`, `city`, `arena`) VALUES ('32', 'Jets', 'East Rutherford', 'Met Life Stadium');

COMMIT;


-- -----------------------------------------------------
-- Data for table `nfldb`.`Players`
-- -----------------------------------------------------
START TRANSACTION;
USE `nfldb`;
INSERT INTO `nfldb`.`Players` (`id`, `name`, `college`, `position`, `fantasy_points`, `nfl_team_id`) VALUES ('1', 'Martellus Bennet', 'Y', 'TE', '168.9', '1');
INSERT INTO `nfldb`.`Players` (`id`, `name`, `college`, `position`, `fantasy_points`, `nfl_team_id`) VALUES ('2', 'Andre Brown', 'Y', 'RB', '93.5', '2');
INSERT INTO `nfldb`.`Players` (`id`, `name`, `college`, `position`, `fantasy_points`, `nfl_team_id`) VALUES ('3', 'Nick Foles', 'Y', 'QB', '315.74', '18');
INSERT INTO `nfldb`.`Players` (`id`, `name`, `college`, `position`, `fantasy_points`, `nfl_team_id`) VALUES ('4', 'DeSean Jackson', 'Y', 'WR', '277.50', '18');
INSERT INTO `nfldb`.`Players` (`id`, `name`, `college`, `position`, `fantasy_points`, `nfl_team_id`) VALUES ('5', 'Rashad Jennings', 'Y', 'WR', '174.50', '30');
INSERT INTO `nfldb`.`Players` (`id`, `name`, `college`, `position`, `fantasy_points`, `nfl_team_id`) VALUES ('6', 'Brandon Marshall', 'Y', 'WR', '304.7', '29');
INSERT INTO `nfldb`.`Players` (`id`, `name`, `college`, `position`, `fantasy_points`, `nfl_team_id`) VALUES ('7', 'Demarco Murray', 'Y', 'RB', '258.4', '4');
INSERT INTO `nfldb`.`Players` (`id`, `name`, `college`, `position`, `fantasy_points`, `nfl_team_id`) VALUES ('8', 'Dennis Pitta', 'Y', 'TE', '42.9', '14');
INSERT INTO `nfldb`.`Players` (`id`, `name`, `college`, `position`, `fantasy_points`, `nfl_team_id`) VALUES ('9', 'Aaron Rodgers', 'Y', 'QB', '209.44', '3');
INSERT INTO `nfldb`.`Players` (`id`, `name`, `college`, `position`, `fantasy_points`, `nfl_team_id`) VALUES ('10', 'Zac Stacy', 'Y', 'RB', '183.4', '22');
INSERT INTO `nfldb`.`Players` (`id`, `name`, `college`, `position`, `fantasy_points`, `nfl_team_id`) VALUES ('11', 'Jordan Todman', 'Y', 'RB', '140.4', '20');
INSERT INTO `nfldb`.`Players` (`id`, `name`, `college`, `position`, `fantasy_points`, `nfl_team_id`) VALUES ('12', 'Wel Welker', 'Y', 'WR', '215.80', '6');
INSERT INTO `nfldb`.`Players` (`id`, `name`, `college`, `position`, `fantasy_points`, `nfl_team_id`) VALUES ('13', 'Kendall Wright', 'Y', 'WR', '213.9', '16');
INSERT INTO `nfldb`.`Players` (`id`, `name`, `college`, `position`, `fantasy_points`, `nfl_team_id`) VALUES ('14', 'Mason Crosby', 'Y', 'K', '157', '3');
INSERT INTO `nfldb`.`Players` (`id`, `name`, `college`, `position`, `fantasy_points`, `nfl_team_id`) VALUES ('15', 'Kansas City', 'Y', 'Defense', '408.1', '5');
INSERT INTO `nfldb`.`Players` (`id`, `name`, `college`, `position`, `fantasy_points`, `nfl_team_id`) VALUES ('16', 'Legarret Blount', 'Y', 'RB', '170.4', '17');
INSERT INTO `nfldb`.`Players` (`id`, `name`, `college`, `position`, `fantasy_points`, `nfl_team_id`) VALUES ('17', 'Reggie Bush', 'Y', 'RB', '239.2', '26');
INSERT INTO `nfldb`.`Players` (`id`, `name`, `college`, `position`, `fantasy_points`, `nfl_team_id`) VALUES ('18', 'Randall Cobb', 'Y', 'WR', '109.4', '3');
INSERT INTO `nfldb`.`Players` (`id`, `name`, `college`, `position`, `fantasy_points`, `nfl_team_id`) VALUES ('19', 'Jared Cook', 'Y', 'WR', '146.1', '14');
INSERT INTO `nfldb`.`Players` (`id`, `name`, `college`, `position`, `fantasy_points`, `nfl_team_id`) VALUES ('20', 'T.Y. Hilton', 'Y', 'WR', '236.8', '28');
INSERT INTO `nfldb`.`Players` (`id`, `name`, `college`, `position`, `fantasy_points`, `nfl_team_id`) VALUES ('21', 'Santana Moss', 'Y', 'WR', '112.2', '1');
INSERT INTO `nfldb`.`Players` (`id`, `name`, `college`, `position`, `fantasy_points`, `nfl_team_id`) VALUES ('22', 'Greg Olsen', 'Y', 'WR', '190.6', '12');
INSERT INTO `nfldb`.`Players` (`id`, `name`, `college`, `position`, `fantasy_points`, `nfl_team_id`) VALUES ('23', 'Trent Richardson', 'Y', 'RB', '144.9', '10');
INSERT INTO `nfldb`.`Players` (`id`, `name`, `college`, `position`, `fantasy_points`, `nfl_team_id`) VALUES ('24', 'Stevan Ridley', 'Y', 'RB', '127.5', '17');
INSERT INTO `nfldb`.`Players` (`id`, `name`, `college`, `position`, `fantasy_points`, `nfl_team_id`) VALUES ('25', 'Ben Roethlisberger', 'Y', 'QB', '328.84', '25');
INSERT INTO `nfldb`.`Players` (`id`, `name`, `college`, `position`, `fantasy_points`, `nfl_team_id`) VALUES ('26', 'Mathew Stafford', 'Y', 'QB', '355.9', '26');
INSERT INTO `nfldb`.`Players` (`id`, `name`, `college`, `position`, `fantasy_points`, `nfl_team_id`) VALUES ('27', 'Roddy White', 'Y', 'WR', '150.1', '12');
INSERT INTO `nfldb`.`Players` (`id`, `name`, `college`, `position`, `fantasy_points`, `nfl_team_id`) VALUES ('28', 'Stephen Gostkowski', 'Y', 'K', '179.', '17');
INSERT INTO `nfldb`.`Players` (`id`, `name`, `college`, `position`, `fantasy_points`, `nfl_team_id`) VALUES ('29', 'Green Bay', 'N', 'Defense', '221', '3');
INSERT INTO `nfldb`.`Players` (`id`, `name`, `college`, `position`, `fantasy_points`, `nfl_team_id`) VALUES ('30', 'Antonio Brown', 'Y', 'WR', '357.4', '25');
INSERT INTO `nfldb`.`Players` (`id`, `name`, `college`, `position`, `fantasy_points`, `nfl_team_id`) VALUES ('31', 'Dez Bryant', 'Y', 'WR', '292.4', '4');
INSERT INTO `nfldb`.`Players` (`id`, `name`, `college`, `position`, `fantasy_points`, `nfl_team_id`) VALUES ('32', 'Jay Cutler', 'Y', 'QB', '218.64', '29');
INSERT INTO `nfldb`.`Players` (`id`, `name`, `college`, `position`, `fantasy_points`, `nfl_team_id`) VALUES ('33', 'Julian Edelman', 'Y', 'WR', '289.1', '17');
INSERT INTO `nfldb`.`Players` (`id`, `name`, `college`, `position`, `fantasy_points`, `nfl_team_id`) VALUES ('34', 'Matt Forte', 'Y', 'RB', '337.3', '29');
INSERT INTO `nfldb`.`Players` (`id`, `name`, `college`, `position`, `fantasy_points`, `nfl_team_id`) VALUES ('35', 'Alshon Jeffery', 'Y', 'WR', '283.6', '29');
INSERT INTO `nfldb`.`Players` (`id`, `name`, `college`, `position`, `fantasy_points`, `nfl_team_id`) VALUES ('36', 'Marshawn Lynch', 'Y', 'RB', '275.3', '21');
INSERT INTO `nfldb`.`Players` (`id`, `name`, `college`, `position`, `fantasy_points`, `nfl_team_id`) VALUES ('37', 'Heath Miller', 'Y', 'TE', '121.3', '25');
INSERT INTO `nfldb`.`Players` (`id`, `name`, `college`, `position`, `fantasy_points`, `nfl_team_id`) VALUES ('38', 'Alex Smith', 'Y', 'QB', '307.22', '5');
INSERT INTO `nfldb`.`Players` (`id`, `name`, `college`, `position`, `fantasy_points`, `nfl_team_id`) VALUES ('39', 'Juluis Thomas', 'Y', 'TE', '215.8', '6');
INSERT INTO `nfldb`.`Players` (`id`, `name`, `college`, `position`, `fantasy_points`, `nfl_team_id`) VALUES ('40', 'Shane Vareen', 'Y', 'RB', '141.1', '17');
INSERT INTO `nfldb`.`Players` (`id`, `name`, `college`, `position`, `fantasy_points`, `nfl_team_id`) VALUES ('41', 'Phil Dawson', 'Y', 'K', '158', '19');
INSERT INTO `nfldb`.`Players` (`id`, `name`, `college`, `position`, `fantasy_points`, `nfl_team_id`) VALUES ('42', 'Chicago', 'N', 'Defense', '304.6', '29');
INSERT INTO `nfldb`.`Players` (`id`, `name`, `college`, `position`, `fantasy_points`, `nfl_team_id`) VALUES ('43', 'San Fransisco', 'N', 'Defense', '271.8', '19');
INSERT INTO `nfldb`.`Players` (`id`, `name`, `college`, `position`, `fantasy_points`, `nfl_team_id`) VALUES ('44', 'LaVeon Bell', 'Y', 'RB', '216.9', '25');
INSERT INTO `nfldb`.`Players` (`id`, `name`, `college`, `position`, `fantasy_points`, `nfl_team_id`) VALUES ('45', 'Dwayne Bowe', 'Y', 'WR', '154.3', '5');
INSERT INTO `nfldb`.`Players` (`id`, `name`, `college`, `position`, `fantasy_points`, `nfl_team_id`) VALUES ('46', 'Marques Colston', 'Y', 'WR', '199.3', '9');
INSERT INTO `nfldb`.`Players` (`id`, `name`, `college`, `position`, `fantasy_points`, `nfl_team_id`) VALUES ('47', 'Brian Hartline', 'Y', 'WR', '201.6', '7');
INSERT INTO `nfldb`.`Players` (`id`, `name`, `college`, `position`, `fantasy_points`, `nfl_team_id`) VALUES ('48', 'Andre Johnson', 'Y', 'WR', '279.7', '13');
INSERT INTO `nfldb`.`Players` (`id`, `name`, `college`, `position`, `fantasy_points`, `nfl_team_id`) VALUES ('49', 'Peyton Manning', 'Y', 'QB', '529.98', '6');
INSERT INTO `nfldb`.`Players` (`id`, `name`, `college`, `position`, `fantasy_points`, `nfl_team_id`) VALUES ('50', 'Dexter McCluster', 'Y', 'WR', '197.5', '5');
INSERT INTO `nfldb`.`Players` (`id`, `name`, `college`, `position`, `fantasy_points`, `nfl_team_id`) VALUES ('51', 'Zach Miller', 'Y', 'TE', '101.7', '25');
INSERT INTO `nfldb`.`Players` (`id`, `name`, `college`, `position`, `fantasy_points`, `nfl_team_id`) VALUES ('52', 'Knowshon Moreno', 'Y', 'RB', '296.6', '6');
INSERT INTO `nfldb`.`Players` (`id`, `name`, `college`, `position`, `fantasy_points`, `nfl_team_id`) VALUES ('53', 'Cordarrelle Patterson', 'Y', 'WR', '301', '31');
INSERT INTO `nfldb`.`Players` (`id`, `name`, `college`, `position`, `fantasy_points`, `nfl_team_id`) VALUES ('54', 'Matt Ryan', 'Y', 'QB', '317.10', '12');
INSERT INTO `nfldb`.`Players` (`id`, `name`, `college`, `position`, `fantasy_points`, `nfl_team_id`) VALUES ('55', 'Delanie Walker', 'Y', 'TE', '153.1', '28');
INSERT INTO `nfldb`.`Players` (`id`, `name`, `college`, `position`, `fantasy_points`, `nfl_team_id`) VALUES ('56', 'Danny Woodhead', 'Y', 'RB', '249.6', '15');
INSERT INTO `nfldb`.`Players` (`id`, `name`, `college`, `position`, `fantasy_points`, `nfl_team_id`) VALUES ('57', 'Steven Haushchka', 'Y', 'K', '160', '14');
INSERT INTO `nfldb`.`Players` (`id`, `name`, `college`, `position`, `fantasy_points`, `nfl_team_id`) VALUES ('58', 'Cincinnati', 'N', 'Defense', '310.4', '24');
INSERT INTO `nfldb`.`Players` (`id`, `name`, `college`, `position`, `fantasy_points`, `nfl_team_id`) VALUES ('59', 'Tom Brady', 'Y', 'QB', '312.52', '17');
INSERT INTO `nfldb`.`Players` (`id`, `name`, `college`, `position`, `fantasy_points`, `nfl_team_id`) VALUES ('60', 'Fred Davis', 'Y', 'RB', '20', '1');
INSERT INTO `nfldb`.`Players` (`id`, `name`, `college`, `position`, `fantasy_points`, `nfl_team_id`) VALUES ('61', 'Larry Fitzgerald', 'Y', 'WR', '236.2', '27');
INSERT INTO `nfldb`.`Players` (`id`, `name`, `college`, `position`, `fantasy_points`, `nfl_team_id`) VALUES ('62', 'Chris Jonson', 'Y', 'RB', '240.2', '31');
INSERT INTO `nfldb`.`Players` (`id`, `name`, `college`, `position`, `fantasy_points`, `nfl_team_id`) VALUES ('63', 'Brandon LaFell', 'Y', 'WR', '143.2', '8');
INSERT INTO `nfldb`.`Players` (`id`, `name`, `college`, `position`, `fantasy_points`, `nfl_team_id`) VALUES ('64', 'LeSean McCoy', 'Y', 'RB', '330.6', '18');
INSERT INTO `nfldb`.`Players` (`id`, `name`, `college`, `position`, `fantasy_points`, `nfl_team_id`) VALUES ('65', 'Lamar Miller', 'Y', 'RB', '123.9', '7');
INSERT INTO `nfldb`.`Players` (`id`, `name`, `college`, `position`, `fantasy_points`, `nfl_team_id`) VALUES ('66', 'Carson Palmer', 'Y', 'QB', '287.26', '27');
INSERT INTO `nfldb`.`Players` (`id`, `name`, `college`, `position`, `fantasy_points`, `nfl_team_id`) VALUES ('67', 'Torrey Smith', 'Y', 'WR', '203.8', '12');
INSERT INTO `nfldb`.`Players` (`id`, `name`, `college`, `position`, `fantasy_points`, `nfl_team_id`) VALUES ('68', 'C.J. Spiller', 'Y', 'RB', '154.2', '11');
INSERT INTO `nfldb`.`Players` (`id`, `name`, `college`, `position`, `fantasy_points`, `nfl_team_id`) VALUES ('69', 'DeAngelo Williams', 'Y', 'RB', '163.6', '24');
INSERT INTO `nfldb`.`Players` (`id`, `name`, `college`, `position`, `fantasy_points`, `nfl_team_id`) VALUES ('70', 'Nick Folk', 'Y', 'K', '144', '27');
INSERT INTO `nfldb`.`Players` (`id`, `name`, `college`, `position`, `fantasy_points`, `nfl_team_id`) VALUES ('71', 'Alex Henery', 'Y', 'K', '123', '15');
INSERT INTO `nfldb`.`Players` (`id`, `name`, `college`, `position`, `fantasy_points`, `nfl_team_id`) VALUES ('72', 'Seattle', 'N', 'Defense', '324.7', '21');
INSERT INTO `nfldb`.`Players` (`id`, `name`, `college`, `position`, `fantasy_points`, `nfl_team_id`) VALUES ('73', 'Tampa Bay', 'N', 'Defense', '235.9', '23');
INSERT INTO `nfldb`.`Players` (`id`, `name`, `college`, `position`, `fantasy_points`, `nfl_team_id`) VALUES ('74', 'Danny Amendola', 'Y', 'WR', '130.7', '17');
INSERT INTO `nfldb`.`Players` (`id`, `name`, `college`, `position`, `fantasy_points`, `nfl_team_id`) VALUES ('75', 'Anquan Boldin', 'Y', 'WR', '246', '14');
INSERT INTO `nfldb`.`Players` (`id`, `name`, `college`, `position`, `fantasy_points`, `nfl_team_id`) VALUES ('76', 'Andy Dalton', 'Y', 'QB', '374.14', '24');
INSERT INTO `nfldb`.`Players` (`id`, `name`, `college`, `position`, `fantasy_points`, `nfl_team_id`) VALUES ('77', 'Antonio Gates', 'Y', 'WR', '184.2', '13');
INSERT INTO `nfldb`.`Players` (`id`, `name`, `college`, `position`, `fantasy_points`, `nfl_team_id`) VALUES ('78', 'Josh Gordon', 'Y', 'WR', '374.4', '10');
INSERT INTO `nfldb`.`Players` (`id`, `name`, `college`, `position`, `fantasy_points`, `nfl_team_id`) VALUES ('79', 'Vincent Jackson', 'Y', 'RB', '242.4', '12');
INSERT INTO `nfldb`.`Players` (`id`, `name`, `college`, `position`, `fantasy_points`, `nfl_team_id`) VALUES ('80', 'Ryan Mathews', 'Y', 'RB', '210.4', '15');
INSERT INTO `nfldb`.`Players` (`id`, `name`, `college`, `position`, `fantasy_points`, `nfl_team_id`) VALUES ('81', 'Alfred Morris', 'Y', 'RB', '178.3', '1');
INSERT INTO `nfldb`.`Players` (`id`, `name`, `college`, `position`, `fantasy_points`, `nfl_team_id`) VALUES ('82', 'Cam Newton', 'Y', 'QB', '358.66', '8');
INSERT INTO `nfldb`.`Players` (`id`, `name`, `college`, `position`, `fantasy_points`, `nfl_team_id`) VALUES ('83', 'Ray Rice', 'Y', 'RB', '178.1', '14');
INSERT INTO `nfldb`.`Players` (`id`, `name`, `college`, `position`, `fantasy_points`, `nfl_team_id`) VALUES ('84', 'Steve Smith', 'Y', 'WR', '162.5', '8');
INSERT INTO `nfldb`.`Players` (`id`, `name`, `college`, `position`, `fantasy_points`, `nfl_team_id`) VALUES ('85', 'Justin Tucker', 'Y', 'K', '162', '9');
INSERT INTO `nfldb`.`Players` (`id`, `name`, `college`, `position`, `fantasy_points`, `nfl_team_id`) VALUES ('86', 'Adam Vinatieri', 'Y', 'K', '162', '28');
INSERT INTO `nfldb`.`Players` (`id`, `name`, `college`, `position`, `fantasy_points`, `nfl_team_id`) VALUES ('87', 'Carolina', 'N', 'Defense', '287.8', '8');
INSERT INTO `nfldb`.`Players` (`id`, `name`, `college`, `position`, `fantasy_points`, `nfl_team_id`) VALUES ('88', 'Detriot', 'N', 'Defense', '232.8', '26');
INSERT INTO `nfldb`.`Players` (`id`, `name`, `college`, `position`, `fantasy_points`, `nfl_team_id`) VALUES ('89', 'Tavon Austin', 'Y', 'WR', '198.7', '4');
INSERT INTO `nfldb`.`Players` (`id`, `name`, `college`, `position`, `fantasy_points`, `nfl_team_id`) VALUES ('90', 'Drew Brees', 'Y', 'QB', '447.68', '9');
INSERT INTO `nfldb`.`Players` (`id`, `name`, `college`, `position`, `fantasy_points`, `nfl_team_id`) VALUES ('91', 'Charles Clay', 'Y', 'TE', '190.7', '5');
INSERT INTO `nfldb`.`Players` (`id`, `name`, `college`, `position`, `fantasy_points`, `nfl_team_id`) VALUES ('92', 'Coby Fleener', 'Y', 'TE', '140.8', '28');
INSERT INTO `nfldb`.`Players` (`id`, `name`, `college`, `position`, `fantasy_points`, `nfl_team_id`) VALUES ('93', 'Calvin Johnson', 'Y', 'WR', '303.2', '26');
INSERT INTO `nfldb`.`Players` (`id`, `name`, `college`, `position`, `fantasy_points`, `nfl_team_id`) VALUES ('94', 'Maurice Jones-Drew', 'Y', 'RB', '189.02', '20');
INSERT INTO `nfldb`.`Players` (`id`, `name`, `college`, `position`, `fantasy_points`, `nfl_team_id`) VALUES ('95', 'Eddie Lacy', 'Y', 'RB', '242.5', '3');
INSERT INTO `nfldb`.`Players` (`id`, `name`, `college`, `position`, `fantasy_points`, `nfl_team_id`) VALUES ('96', 'Jordy Nelson', 'Y', 'WR', '264.4', '10');
INSERT INTO `nfldb`.`Players` (`id`, `name`, `college`, `position`, `fantasy_points`, `nfl_team_id`) VALUES ('97', 'Philip Rivers', 'Y', 'QB', '362.42', '15');
INSERT INTO `nfldb`.`Players` (`id`, `name`, `college`, `position`, `fantasy_points`, `nfl_team_id`) VALUES ('98', 'Darrn Sproles', 'Y', 'RB', '218.3', '9');
INSERT INTO `nfldb`.`Players` (`id`, `name`, `college`, `position`, `fantasy_points`, `nfl_team_id`) VALUES ('99', 'Golden Tate', 'Y', 'WR', '251.1', '21');
INSERT INTO `nfldb`.`Players` (`id`, `name`, `college`, `position`, `fantasy_points`, `nfl_team_id`) VALUES ('100', 'Terrance Williams', 'Y', 'WR', '160.2', '19');
INSERT INTO `nfldb`.`Players` (`id`, `name`, `college`, `position`, `fantasy_points`, `nfl_team_id`) VALUES ('101', 'Matt Prater', 'Y', 'K', '170', '11');
INSERT INTO `nfldb`.`Players` (`id`, `name`, `college`, `position`, `fantasy_points`, `nfl_team_id`) VALUES ('102', 'New England', 'N', 'Defense', '278.2', '17');
INSERT INTO `nfldb`.`Players` (`id`, `name`, `college`, `position`, `fantasy_points`, `nfl_team_id`) VALUES ('103', 'New Orleans', 'N', 'Defense', '179', '9');
INSERT INTO `nfldb`.`Players` (`id`, `name`, `college`, `position`, `fantasy_points`, `nfl_team_id`) VALUES ('104', 'Doug Baldwin', 'Y', 'WR', '164.1', '16');
INSERT INTO `nfldb`.`Players` (`id`, `name`, `college`, `position`, `fantasy_points`, `nfl_team_id`) VALUES ('105', 'Giovani Bernard', 'Y', 'RB', '222.9', '24');
INSERT INTO `nfldb`.`Players` (`id`, `name`, `college`, `position`, `fantasy_points`, `nfl_team_id`) VALUES ('106', 'Donald Brown', 'Y', 'RB', '150.1', '28');
INSERT INTO `nfldb`.`Players` (`id`, `name`, `college`, `position`, `fantasy_points`, `nfl_team_id`) VALUES ('107', 'Nate Burleson', 'Y', 'WR', '90.3', '16');
INSERT INTO `nfldb`.`Players` (`id`, `name`, `college`, `position`, `fantasy_points`, `nfl_team_id`) VALUES ('108', 'Harry Douglas', 'Y', 'WR', '205.4', '15');
INSERT INTO `nfldb`.`Players` (`id`, `name`, `college`, `position`, `fantasy_points`, `nfl_team_id`) VALUES ('109', 'Jimmy Graham', 'Y', 'WR', '303.5', '9');
INSERT INTO `nfldb`.`Players` (`id`, `name`, `college`, `position`, `fantasy_points`, `nfl_team_id`) VALUES ('110', 'Robert Griffen 3', 'Y', 'QB', '257.02', '1');
INSERT INTO `nfldb`.`Players` (`id`, `name`, `college`, `position`, `fantasy_points`, `nfl_team_id`) VALUES ('111', 'Chris Ivory', 'Y', 'RB', '104.3', '32');
INSERT INTO `nfldb`.`Players` (`id`, `name`, `college`, `position`, `fantasy_points`, `nfl_team_id`) VALUES ('112', 'Fred Jackson', 'Y', 'RB', '235.3', '11');
INSERT INTO `nfldb`.`Players` (`id`, `name`, `college`, `position`, `fantasy_points`, `nfl_team_id`) VALUES ('113', 'Ben Tate', 'Y', 'RB', '145.1', '13');
INSERT INTO `nfldb`.`Players` (`id`, `name`, `college`, `position`, `fantasy_points`, `nfl_team_id`) VALUES ('114', 'Demaryius Thomas', 'Y', 'TE', '319', '6');
INSERT INTO `nfldb`.`Players` (`id`, `name`, `college`, `position`, `fantasy_points`, `nfl_team_id`) VALUES ('115', 'Garrett Hartley', 'Y', 'K', '118', '24');
INSERT INTO `nfldb`.`Players` (`id`, `name`, `college`, `position`, `fantasy_points`, `nfl_team_id`) VALUES ('116', 'Dallas', 'N', 'Defense', '276.3', '4');
INSERT INTO `nfldb`.`Players` (`id`, `name`, `college`, `position`, `fantasy_points`, `nfl_team_id`) VALUES ('117', 'New York', 'N', 'Defense', '223.5', '2');
INSERT INTO `nfldb`.`Players` (`id`, `name`, `college`, `position`, `fantasy_points`, `nfl_team_id`) VALUES ('118', 'St. Louis', 'N', 'Defense', '282.3', '22');
INSERT INTO `nfldb`.`Players` (`id`, `name`, `college`, `position`, `fantasy_points`, `nfl_team_id`) VALUES ('119', 'Riley Cooper', 'Y', 'WR', '183.9', '18');
INSERT INTO `nfldb`.`Players` (`id`, `name`, `college`, `position`, `fantasy_points`, `nfl_team_id`) VALUES ('120', 'Vernon Davis', 'Y', 'TE', '213', '1');
INSERT INTO `nfldb`.`Players` (`id`, `name`, `college`, `position`, `fantasy_points`, `nfl_team_id`) VALUES ('121', 'Pierre Garcon', 'Y', 'WR', '277.5', '1');
INSERT INTO `nfldb`.`Players` (`id`, `name`, `college`, `position`, `fantasy_points`, `nfl_team_id`) VALUES ('122', 'Devin Hester', 'Y', 'CB', '173.8', '29');
INSERT INTO `nfldb`.`Players` (`id`, `name`, `college`, `position`, `fantasy_points`, `nfl_team_id`) VALUES ('123', 'Steven Jackson', 'Y', 'RB', '148.4', '12');
INSERT INTO `nfldb`.`Players` (`id`, `name`, `college`, `position`, `fantasy_points`, `nfl_team_id`) VALUES ('124', 'Colin Kaepernick', 'Y', 'QB', '314.28', '19');
INSERT INTO `nfldb`.`Players` (`id`, `name`, `college`, `position`, `fantasy_points`, `nfl_team_id`) VALUES ('125', 'Josh McCown', 'Y', 'QB', '163.06', '30');
INSERT INTO `nfldb`.`Players` (`id`, `name`, `college`, `position`, `fantasy_points`, `nfl_team_id`) VALUES ('126', 'Rashard Mendenhall', 'Y', 'RB', '144.1', '28');
INSERT INTO `nfldb`.`Players` (`id`, `name`, `college`, `position`, `fantasy_points`, `nfl_team_id`) VALUES ('127', 'Hakeem Nicks', 'Y', 'WR', '145.6', '2');
INSERT INTO `nfldb`.`Players` (`id`, `name`, `college`, `position`, `fantasy_points`, `nfl_team_id`) VALUES ('128', 'Adrian Peterson', 'Y', 'RB', '232.7', '31');
INSERT INTO `nfldb`.`Players` (`id`, `name`, `college`, `position`, `fantasy_points`, `nfl_team_id`) VALUES ('129', 'Pierre Thomas', 'Y', 'WR', '212.4', '6');
INSERT INTO `nfldb`.`Players` (`id`, `name`, `college`, `position`, `fantasy_points`, `nfl_team_id`) VALUES ('130', 'Mike Wallace', 'Y', 'WR', '199.3', '25');
INSERT INTO `nfldb`.`Players` (`id`, `name`, `college`, `position`, `fantasy_points`, `nfl_team_id`) VALUES ('131', 'Matt Bryant', 'Y', 'K', '122', '25');
INSERT INTO `nfldb`.`Players` (`id`, `name`, `college`, `position`, `fantasy_points`, `nfl_team_id`) VALUES ('132', 'Denver', 'N', 'Defense', '160.7', '6');
INSERT INTO `nfldb`.`Players` (`id`, `name`, `college`, `position`, `fantasy_points`, `nfl_team_id`) VALUES ('133', 'Tennessee ', 'N', 'Defense', '251.6', '16');
INSERT INTO `nfldb`.`Players` (`id`, `name`, `college`, `position`, `fantasy_points`, `nfl_team_id`) VALUES ('134', 'Keenan Allen', 'Y', 'WR', '232.1', '15');
INSERT INTO `nfldb`.`Players` (`id`, `name`, `college`, `position`, `fantasy_points`, `nfl_team_id`) VALUES ('135', 'Eric Decker', 'Y', 'WR', '280', '6');
INSERT INTO `nfldb`.`Players` (`id`, `name`, `college`, `position`, `fantasy_points`, `nfl_team_id`) VALUES ('136', 'Tony Gonzalez', 'Y', 'TE', '218.9', '12');
INSERT INTO `nfldb`.`Players` (`id`, `name`, `college`, `position`, `fantasy_points`, `nfl_team_id`) VALUES ('137', 'Frank Gore', 'Y', 'RB', '190.9', '19');
INSERT INTO `nfldb`.`Players` (`id`, `name`, `college`, `position`, `fantasy_points`, `nfl_team_id`) VALUES ('138', 'A.J. Green ', 'Y', 'WR', '306.6', '24');
INSERT INTO `nfldb`.`Players` (`id`, `name`, `college`, `position`, `fantasy_points`, `nfl_team_id`) VALUES ('139', 'James Jones', 'Y', 'WR', '156.7', '3');
INSERT INTO `nfldb`.`Players` (`id`, `name`, `college`, `position`, `fantasy_points`, `nfl_team_id`) VALUES ('140', 'Rishard Mathews', 'Y', 'RB', '97.8', '15');
INSERT INTO `nfldb`.`Players` (`id`, `name`, `college`, `position`, `fantasy_points`, `nfl_team_id`) VALUES ('141', 'Bobby Rainey', 'Y', 'RB', '126.4', '23');
INSERT INTO `nfldb`.`Players` (`id`, `name`, `college`, `position`, `fantasy_points`, `nfl_team_id`) VALUES ('142', 'Ryan Tannehill', 'Y', 'QB', '303.32', '7');
INSERT INTO `nfldb`.`Players` (`id`, `name`, `college`, `position`, `fantasy_points`, `nfl_team_id`) VALUES ('143', 'Daniel Thomas', 'Y', 'TE', '97.90', '6');
INSERT INTO `nfldb`.`Players` (`id`, `name`, `college`, `position`, `fantasy_points`, `nfl_team_id`) VALUES ('144', 'Russell Wilson', 'Y', 'QB', '331.81', '21');
INSERT INTO `nfldb`.`Players` (`id`, `name`, `college`, `position`, `fantasy_points`, `nfl_team_id`) VALUES ('145', 'Jason Witten', 'Y', 'TE', '206.10', '4');
INSERT INTO `nfldb`.`Players` (`id`, `name`, `college`, `position`, `fantasy_points`, `nfl_team_id`) VALUES ('146', 'Caleb Sturgis', 'Y', 'K', '125', '10');
INSERT INTO `nfldb`.`Players` (`id`, `name`, `college`, `position`, `fantasy_points`, `nfl_team_id`) VALUES ('147', 'Miami', 'N', 'Defense', '240.5', '7');

COMMIT;


-- -----------------------------------------------------
-- Data for table `nfldb`.`user`
-- -----------------------------------------------------
START TRANSACTION;
USE `nfldb`;
INSERT INTO `nfldb`.`user` (`id`, `user`, `age`, `rank`, `League`) VALUES ('1', 'Team Name', 33, '2', 'Tuesday Morning Tears');
INSERT INTO `nfldb`.`user` (`id`, `user`, `age`, `rank`, `League`) VALUES ('2', 'Doin It Like Lebron', 35, '1', 'Tuesday Morning Tears');
INSERT INTO `nfldb`.`user` (`id`, `user`, `age`, `rank`, `League`) VALUES ('3', 'Zwangs Gang Bangers', 45, '3', 'Tuesday Morning Tears');
INSERT INTO `nfldb`.`user` (`id`, `user`, `age`, `rank`, `League`) VALUES ('4', 'Clown Baby', 40, '5', 'Tuesday Morning Tears');
INSERT INTO `nfldb`.`user` (`id`, `user`, `age`, `rank`, `League`) VALUES ('5', 'Greatness J', 39, '6', 'Tuesday Morning Tears');
INSERT INTO `nfldb`.`user` (`id`, `user`, `age`, `rank`, `League`) VALUES ('6', 'Chetcs Crazy Team', 29, '4', 'Tuesday Morning Tears');
INSERT INTO `nfldb`.`user` (`id`, `user`, `age`, `rank`, `League`) VALUES ('7', 'Team Andrew', 28, '7', 'Tuesday Morning Tears');
INSERT INTO `nfldb`.`user` (`id`, `user`, `age`, `rank`, `League`) VALUES ('8', 'Packing Super Bowls', 30, '8', 'Tuesday Morning Tears');
INSERT INTO `nfldb`.`user` (`id`, `user`, `age`, `rank`, `League`) VALUES ('9', 'Blackout Cowboy', 40, '9', 'Tuesday Morning Tears');
INSERT INTO `nfldb`.`user` (`id`, `user`, `age`, `rank`, `League`) VALUES ('10', 'King Martin', 45, '10', 'Tuesday Morning Tears');

COMMIT;


-- -----------------------------------------------------
-- Data for table `nfldb`.`User_Roster`
-- -----------------------------------------------------
START TRANSACTION;
USE `nfldb`;
INSERT INTO `nfldb`.`User_Roster` (`players_id`, `user_id`)   VALUES ('1', '2');
INSERT INTO `nfldb`.`User_Roster` (`players_id`, `user_id`)   VALUES ('2', '2');
INSERT INTO `nfldb`.`User_Roster` (`players_id`, `user_id`)   VALUES ('3', '2');
INSERT INTO `nfldb`.`User_Roster` (`players_id`, `user_id`)   VALUES ('4', '2');
INSERT INTO `nfldb`.`User_Roster` (`players_id`, `user_id`)   VALUES ('5', '2');
INSERT INTO `nfldb`.`User_Roster` (`players_id`, `user_id`)   VALUES ('6', '2');
INSERT INTO `nfldb`.`User_Roster` (`players_id`, `user_id`)   VALUES ('7', '2');
INSERT INTO `nfldb`.`User_Roster` (`players_id`, `user_id`)   VALUES ('8', '2');
INSERT INTO `nfldb`.`User_Roster` (`players_id`, `user_id`)   VALUES ('9', '2');
INSERT INTO `nfldb`.`User_Roster` (`players_id`, `user_id`)   VALUES ('10', '2');
INSERT INTO `nfldb`.`User_Roster` (`players_id`, `user_id`)   VALUES ('11', '2');
INSERT INTO `nfldb`.`User_Roster` (`players_id`, `user_id`)   VALUES ('12', '2');
INSERT INTO `nfldb`.`User_Roster` (`players_id`, `user_id`)   VALUES ('13', '2');
INSERT INTO `nfldb`.`User_Roster` (`players_id`, `user_id`)   VALUES ('14', '2');
INSERT INTO `nfldb`.`User_Roster` (`players_id`, `user_id`)   VALUES ('15', '2');
INSERT INTO `nfldb`.`User_Roster` (`players_id`, `user_id`)   VALUES ('16', '7');
INSERT INTO `nfldb`.`User_Roster` (`players_id`, `user_id`)   VALUES ('17', '7');
INSERT INTO `nfldb`.`User_Roster` (`players_id`, `user_id`)   VALUES ('18', '7');
INSERT INTO `nfldb`.`User_Roster` (`players_id`, `user_id`)   VALUES ('19', '7');
INSERT INTO `nfldb`.`User_Roster` (`players_id`, `user_id`)   VALUES ('20', '7');
INSERT INTO `nfldb`.`User_Roster` (`players_id`, `user_id`)   VALUES ('21', '7');
INSERT INTO `nfldb`.`User_Roster` (`players_id`, `user_id`)   VALUES ('22', '7');
INSERT INTO `nfldb`.`User_Roster` (`players_id`, `user_id`)   VALUES ('23', '7');
INSERT INTO `nfldb`.`User_Roster` (`players_id`, `user_id`)   VALUES ('24', '7');
INSERT INTO `nfldb`.`User_Roster` (`players_id`, `user_id`)   VALUES ('25', '7');
INSERT INTO `nfldb`.`User_Roster` (`players_id`, `user_id`)   VALUES ('26', '7');
INSERT INTO `nfldb`.`User_Roster` (`players_id`, `user_id`)   VALUES ('27', '7');
INSERT INTO `nfldb`.`User_Roster` (`players_id`, `user_id`)   VALUES ('28', '7');
INSERT INTO `nfldb`.`User_Roster` (`players_id`, `user_id`)   VALUES ('29', '7');
INSERT INTO `nfldb`.`User_Roster` (`players_id`, `user_id`)   VALUES ('30', '2');
INSERT INTO `nfldb`.`User_Roster` (`players_id`, `user_id`)   VALUES ('31', '2');
INSERT INTO `nfldb`.`User_Roster` (`players_id`, `user_id`)   VALUES ('32', '2');
INSERT INTO `nfldb`.`User_Roster` (`players_id`, `user_id`)   VALUES ('33', '2');
INSERT INTO `nfldb`.`User_Roster` (`players_id`, `user_id`)   VALUES ('34', '2');
INSERT INTO `nfldb`.`User_Roster` (`players_id`, `user_id`)   VALUES ('35', '2');
INSERT INTO `nfldb`.`User_Roster` (`players_id`, `user_id`)   VALUES ('36', '2');
INSERT INTO `nfldb`.`User_Roster` (`players_id`, `user_id`)   VALUES ('37', '2');
INSERT INTO `nfldb`.`User_Roster` (`players_id`, `user_id`)   VALUES ('38', '2');
INSERT INTO `nfldb`.`User_Roster` (`players_id`, `user_id`)   VALUES ('39', '2');
INSERT INTO `nfldb`.`User_Roster` (`players_id`, `user_id`)   VALUES ('40', '2');
INSERT INTO `nfldb`.`User_Roster` (`players_id`, `user_id`)   VALUES ('41', '2');
INSERT INTO `nfldb`.`User_Roster` (`players_id`, `user_id`)   VALUES ('42', '2');
INSERT INTO `nfldb`.`User_Roster` (`players_id`, `user_id`)   VALUES ('43', '2');
INSERT INTO `nfldb`.`User_Roster` (`players_id`, `user_id`)   VALUES ('44', '8');
INSERT INTO `nfldb`.`User_Roster` (`players_id`, `user_id`)   VALUES ('45', '8');
INSERT INTO `nfldb`.`User_Roster` (`players_id`, `user_id`)   VALUES ('46', '8');
INSERT INTO `nfldb`.`User_Roster` (`players_id`, `user_id`)   VALUES ('47', '8');
INSERT INTO `nfldb`.`User_Roster` (`players_id`, `user_id`)   VALUES ('48', '8');
INSERT INTO `nfldb`.`User_Roster` (`players_id`, `user_id`)   VALUES ('49', '8');
INSERT INTO `nfldb`.`User_Roster` (`players_id`, `user_id`)   VALUES ('50', '8');
INSERT INTO `nfldb`.`User_Roster` (`players_id`, `user_id`)   VALUES ('51', '8');
INSERT INTO `nfldb`.`User_Roster` (`players_id`, `user_id`)   VALUES ('52', '8');
INSERT INTO `nfldb`.`User_Roster` (`players_id`, `user_id`)   VALUES ('53', '8');
INSERT INTO `nfldb`.`User_Roster` (`players_id`, `user_id`)   VALUES ('54', '8');
INSERT INTO `nfldb`.`User_Roster` (`players_id`, `user_id`)   VALUES ('55', '8');
INSERT INTO `nfldb`.`User_Roster` (`players_id`, `user_id`)   VALUES ('56', '8');
INSERT INTO `nfldb`.`User_Roster` (`players_id`, `user_id`)   VALUES ('57', '8');
INSERT INTO `nfldb`.`User_Roster` (`players_id`, `user_id`)   VALUES ('58', '8');
INSERT INTO `nfldb`.`User_Roster` (`players_id`, `user_id`)   VALUES ('59', '6');
INSERT INTO `nfldb`.`User_Roster` (`players_id`, `user_id`)   VALUES ('60', '6');
INSERT INTO `nfldb`.`User_Roster` (`players_id`, `user_id`)   VALUES ('61', '6');
INSERT INTO `nfldb`.`User_Roster` (`players_id`, `user_id`)   VALUES ('62', '6');
INSERT INTO `nfldb`.`User_Roster` (`players_id`, `user_id`)   VALUES ('63', '6');
INSERT INTO `nfldb`.`User_Roster` (`players_id`, `user_id`)   VALUES ('64', '6');
INSERT INTO `nfldb`.`User_Roster` (`players_id`, `user_id`)   VALUES ('65', '6');
INSERT INTO `nfldb`.`User_Roster` (`players_id`, `user_id`)   VALUES ('66', '6');
INSERT INTO `nfldb`.`User_Roster` (`players_id`, `user_id`)   VALUES ('67', '6');
INSERT INTO `nfldb`.`User_Roster` (`players_id`, `user_id`)   VALUES ('68', '6');
INSERT INTO `nfldb`.`User_Roster` (`players_id`, `user_id`)   VALUES ('69', '6');
INSERT INTO `nfldb`.`User_Roster` (`players_id`, `user_id`)   VALUES ('70', '6');
INSERT INTO `nfldb`.`User_Roster` (`players_id`, `user_id`)   VALUES ('71', '6');
INSERT INTO `nfldb`.`User_Roster` (`players_id`, `user_id`)   VALUES ('72', '6');
INSERT INTO `nfldb`.`User_Roster` (`players_id`, `user_id`)   VALUES ('73', '6');
INSERT INTO `nfldb`.`User_Roster` (`players_id`, `user_id`)   VALUES ('74', '3');
INSERT INTO `nfldb`.`User_Roster` (`players_id`, `user_id`)   VALUES ('75', '3');
INSERT INTO `nfldb`.`User_Roster` (`players_id`, `user_id`)   VALUES ('76', '3');
INSERT INTO `nfldb`.`User_Roster` (`players_id`, `user_id`)   VALUES ('77', '3');
INSERT INTO `nfldb`.`User_Roster` (`players_id`, `user_id`)   VALUES ('78', '3');
INSERT INTO `nfldb`.`User_Roster` (`players_id`, `user_id`)   VALUES ('79', '3');
INSERT INTO `nfldb`.`User_Roster` (`players_id`, `user_id`)   VALUES ('80', '3');
INSERT INTO `nfldb`.`User_Roster` (`players_id`, `user_id`)   VALUES ('81', '3');
INSERT INTO `nfldb`.`User_Roster` (`players_id`, `user_id`)   VALUES ('82', '3');
INSERT INTO `nfldb`.`User_Roster` (`players_id`, `user_id`)   VALUES ('83', '3');
INSERT INTO `nfldb`.`User_Roster` (`players_id`, `user_id`)   VALUES ('84', '3');
INSERT INTO `nfldb`.`User_Roster` (`players_id`, `user_id`)   VALUES ('85', '3');
INSERT INTO `nfldb`.`User_Roster` (`players_id`, `user_id`)   VALUES ('86', '3');
INSERT INTO `nfldb`.`User_Roster` (`players_id`, `user_id`)   VALUES ('87', '3');
INSERT INTO `nfldb`.`User_Roster` (`players_id`, `user_id`)   VALUES ('88', '3');
INSERT INTO `nfldb`.`User_Roster` (`players_id`, `user_id`)   VALUES ('89', '9');
INSERT INTO `nfldb`.`User_Roster` (`players_id`, `user_id`)   VALUES ('90', '9');
INSERT INTO `nfldb`.`User_Roster` (`players_id`, `user_id`)   VALUES ('91', '9');
INSERT INTO `nfldb`.`User_Roster` (`players_id`, `user_id`)   VALUES ('92', '9');
INSERT INTO `nfldb`.`User_Roster` (`players_id`, `user_id`)   VALUES ('93', '9');
INSERT INTO `nfldb`.`User_Roster` (`players_id`, `user_id`)   VALUES ('94', '9');
INSERT INTO `nfldb`.`User_Roster` (`players_id`, `user_id`)   VALUES ('95', '9');
INSERT INTO `nfldb`.`User_Roster` (`players_id`, `user_id`)   VALUES ('96', '9');
INSERT INTO `nfldb`.`User_Roster` (`players_id`, `user_id`)   VALUES ('97', '9');
INSERT INTO `nfldb`.`User_Roster` (`players_id`, `user_id`)   VALUES ('98', '9');
INSERT INTO `nfldb`.`User_Roster` (`players_id`, `user_id`)   VALUES ('99', '9');
INSERT INTO `nfldb`.`User_Roster` (`players_id`, `user_id`)   VALUES ('100', '9');
INSERT INTO `nfldb`.`User_Roster` (`players_id`, `user_id`)   VALUES ('101', '9');
INSERT INTO `nfldb`.`User_Roster` (`players_id`, `user_id`)   VALUES ('102', '9');
INSERT INTO `nfldb`.`User_Roster` (`players_id`, `user_id`)   VALUES ('103', '9');
INSERT INTO `nfldb`.`User_Roster` (`players_id`, `user_id`)   VALUES ('104', '5');
INSERT INTO `nfldb`.`User_Roster` (`players_id`, `user_id`)   VALUES ('105', '5');
INSERT INTO `nfldb`.`User_Roster` (`players_id`, `user_id`)   VALUES ('106', '5');
INSERT INTO `nfldb`.`User_Roster` (`players_id`, `user_id`)   VALUES ('107', '5');
INSERT INTO `nfldb`.`User_Roster` (`players_id`, `user_id`)   VALUES ('108', '5');
INSERT INTO `nfldb`.`User_Roster` (`players_id`, `user_id`)   VALUES ('109', '5');
INSERT INTO `nfldb`.`User_Roster` (`players_id`, `user_id`)   VALUES ('110', '5');
INSERT INTO `nfldb`.`User_Roster` (`players_id`, `user_id`)   VALUES ('111', '5');
INSERT INTO `nfldb`.`User_Roster` (`players_id`, `user_id`)   VALUES ('112', '5');
INSERT INTO `nfldb`.`User_Roster` (`players_id`, `user_id`)   VALUES ('113', '5');
INSERT INTO `nfldb`.`User_Roster` (`players_id`, `user_id`)   VALUES ('114', '5');
INSERT INTO `nfldb`.`User_Roster` (`players_id`, `user_id`)   VALUES ('115', '5');
INSERT INTO `nfldb`.`User_Roster` (`players_id`, `user_id`)   VALUES ('116', '5');
INSERT INTO `nfldb`.`User_Roster` (`players_id`, `user_id`)   VALUES ('117', '5');
INSERT INTO `nfldb`.`User_Roster` (`players_id`, `user_id`)   VALUES ('118', '5');
INSERT INTO `nfldb`.`User_Roster` (`players_id`, `user_id`)   VALUES ('119', '10');
INSERT INTO `nfldb`.`User_Roster` (`players_id`, `user_id`)   VALUES ('120', '10');
INSERT INTO `nfldb`.`User_Roster` (`players_id`, `user_id`)   VALUES ('121', '10');
INSERT INTO `nfldb`.`User_Roster` (`players_id`, `user_id`)   VALUES ('122', '10');
INSERT INTO `nfldb`.`User_Roster` (`players_id`, `user_id`)   VALUES ('123', '10');
INSERT INTO `nfldb`.`User_Roster` (`players_id`, `user_id`)   VALUES ('124', '10');
INSERT INTO `nfldb`.`User_Roster` (`players_id`, `user_id`)   VALUES ('125', '10');
INSERT INTO `nfldb`.`User_Roster` (`players_id`, `user_id`)   VALUES ('126', '10');
INSERT INTO `nfldb`.`User_Roster` (`players_id`, `user_id`)   VALUES ('127', '10');
INSERT INTO `nfldb`.`User_Roster` (`players_id`, `user_id`)   VALUES ('128', '10');
INSERT INTO `nfldb`.`User_Roster` (`players_id`, `user_id`)   VALUES ('129', '10');
INSERT INTO `nfldb`.`User_Roster` (`players_id`, `user_id`)   VALUES ('130', '10');
INSERT INTO `nfldb`.`User_Roster` (`players_id`, `user_id`)   VALUES ('131', '10');
INSERT INTO `nfldb`.`User_Roster` (`players_id`, `user_id`)   VALUES ('132', '10');
INSERT INTO `nfldb`.`User_Roster` (`players_id`, `user_id`)   VALUES ('133', '10');
INSERT INTO `nfldb`.`User_Roster` (`players_id`, `user_id`)   VALUES ('134', '1');
INSERT INTO `nfldb`.`User_Roster` (`players_id`, `user_id`)   VALUES ('135', '4');
INSERT INTO `nfldb`.`User_Roster` (`players_id`, `user_id`)   VALUES ('136', '4');
INSERT INTO `nfldb`.`User_Roster` (`players_id`, `user_id`)   VALUES ('137', '4');
INSERT INTO `nfldb`.`User_Roster` (`players_id`, `user_id`)   VALUES ('138', '4');
INSERT INTO `nfldb`.`User_Roster` (`players_id`, `user_id`)   VALUES ('139', '4');
INSERT INTO `nfldb`.`User_Roster` (`players_id`, `user_id`)   VALUES ('140', '4');
INSERT INTO `nfldb`.`User_Roster` (`players_id`, `user_id`)   VALUES ('141', '4');
INSERT INTO `nfldb`.`User_Roster` (`players_id`, `user_id`)   VALUES ('142', '4');
INSERT INTO `nfldb`.`User_Roster` (`players_id`, `user_id`)   VALUES ('143', '4');
INSERT INTO `nfldb`.`User_Roster` (`players_id`, `user_id`)   VALUES ('144', '4');
INSERT INTO `nfldb`.`User_Roster` (`players_id`, `user_id`)   VALUES ('145', '4');
INSERT INTO `nfldb`.`User_Roster` (`players_id`, `user_id`)   VALUES ('146', '4');
INSERT INTO `nfldb`.`User_Roster` (`players_id`, `user_id`)   VALUES ('147', '4');

COMMIT;


-- -----------------------------------------------------
-- Data for table `nfldb`.`Player_Season`
-- -----------------------------------------------------
START TRANSACTION;
USE `nfldb`;
INSERT INTO `nfldb`.`Player_Season` (`players_id`, `season_id`) VALUES ('1', '1');
INSERT INTO `nfldb`.`Player_Season` (`players_id`, `season_id`) VALUES ('2', '1');
INSERT INTO `nfldb`.`Player_Season` (`players_id`, `season_id`) VALUES ('3', '1');
INSERT INTO `nfldb`.`Player_Season` (`players_id`, `season_id`) VALUES ('4', '1');
INSERT INTO `nfldb`.`Player_Season` (`players_id`, `season_id`) VALUES ('5', '1');
INSERT INTO `nfldb`.`Player_Season` (`players_id`, `season_id`) VALUES ('6', '1');
INSERT INTO `nfldb`.`Player_Season` (`players_id`, `season_id`) VALUES ('7', '1');
INSERT INTO `nfldb`.`Player_Season` (`players_id`, `season_id`) VALUES ('8', '1');
INSERT INTO `nfldb`.`Player_Season` (`players_id`, `season_id`) VALUES ('9', '1');
INSERT INTO `nfldb`.`Player_Season` (`players_id`, `season_id`) VALUES ('10', '1');
INSERT INTO `nfldb`.`Player_Season` (`players_id`, `season_id`) VALUES ('11', '1');
INSERT INTO `nfldb`.`Player_Season` (`players_id`, `season_id`) VALUES ('12', '1');
INSERT INTO `nfldb`.`Player_Season` (`players_id`, `season_id`) VALUES ('13', '1');
INSERT INTO `nfldb`.`Player_Season` (`players_id`, `season_id`) VALUES ('14', '1');
INSERT INTO `nfldb`.`Player_Season` (`players_id`, `season_id`) VALUES ('15', '1');
INSERT INTO `nfldb`.`Player_Season` (`players_id`, `season_id`) VALUES ('16', '1');
INSERT INTO `nfldb`.`Player_Season` (`players_id`, `season_id`) VALUES ('17', '1');
INSERT INTO `nfldb`.`Player_Season` (`players_id`, `season_id`) VALUES ('18', '1');
INSERT INTO `nfldb`.`Player_Season` (`players_id`, `season_id`) VALUES ('19', '1');
INSERT INTO `nfldb`.`Player_Season` (`players_id`, `season_id`) VALUES ('20', '1');
INSERT INTO `nfldb`.`Player_Season` (`players_id`, `season_id`) VALUES ('21', '1');
INSERT INTO `nfldb`.`Player_Season` (`players_id`, `season_id`) VALUES ('22', '1');
INSERT INTO `nfldb`.`Player_Season` (`players_id`, `season_id`) VALUES ('23', '1');
INSERT INTO `nfldb`.`Player_Season` (`players_id`, `season_id`) VALUES ('24', '1');
INSERT INTO `nfldb`.`Player_Season` (`players_id`, `season_id`) VALUES ('25', '1');
INSERT INTO `nfldb`.`Player_Season` (`players_id`, `season_id`) VALUES ('26', '1');
INSERT INTO `nfldb`.`Player_Season` (`players_id`, `season_id`) VALUES ('27', '1');
INSERT INTO `nfldb`.`Player_Season` (`players_id`, `season_id`) VALUES ('28', '1');
INSERT INTO `nfldb`.`Player_Season` (`players_id`, `season_id`) VALUES ('29', '1');
INSERT INTO `nfldb`.`Player_Season` (`players_id`, `season_id`) VALUES ('30', '1');
INSERT INTO `nfldb`.`Player_Season` (`players_id`, `season_id`) VALUES ('31', '1');
INSERT INTO `nfldb`.`Player_Season` (`players_id`, `season_id`) VALUES ('32', '1');
INSERT INTO `nfldb`.`Player_Season` (`players_id`, `season_id`) VALUES ('33', '1');
INSERT INTO `nfldb`.`Player_Season` (`players_id`, `season_id`) VALUES ('34', '1');
INSERT INTO `nfldb`.`Player_Season` (`players_id`, `season_id`) VALUES ('35', '1');
INSERT INTO `nfldb`.`Player_Season` (`players_id`, `season_id`) VALUES ('36', '1');
INSERT INTO `nfldb`.`Player_Season` (`players_id`, `season_id`) VALUES ('37', '1');
INSERT INTO `nfldb`.`Player_Season` (`players_id`, `season_id`) VALUES ('38', '1');
INSERT INTO `nfldb`.`Player_Season` (`players_id`, `season_id`) VALUES ('39', '1');
INSERT INTO `nfldb`.`Player_Season` (`players_id`, `season_id`) VALUES ('40', '1');
INSERT INTO `nfldb`.`Player_Season` (`players_id`, `season_id`) VALUES ('41', '1');
INSERT INTO `nfldb`.`Player_Season` (`players_id`, `season_id`) VALUES ('42', '1');
INSERT INTO `nfldb`.`Player_Season` (`players_id`, `season_id`) VALUES ('43', '1');
INSERT INTO `nfldb`.`Player_Season` (`players_id`, `season_id`) VALUES ('44', '1');
INSERT INTO `nfldb`.`Player_Season` (`players_id`, `season_id`) VALUES ('45', '1');
INSERT INTO `nfldb`.`Player_Season` (`players_id`, `season_id`) VALUES ('46', '1');
INSERT INTO `nfldb`.`Player_Season` (`players_id`, `season_id`) VALUES ('47', '1');
INSERT INTO `nfldb`.`Player_Season` (`players_id`, `season_id`) VALUES ('48', '1');
INSERT INTO `nfldb`.`Player_Season` (`players_id`, `season_id`) VALUES ('49', '1');
INSERT INTO `nfldb`.`Player_Season` (`players_id`, `season_id`) VALUES ('50', '1');
INSERT INTO `nfldb`.`Player_Season` (`players_id`, `season_id`) VALUES ('51', '1');
INSERT INTO `nfldb`.`Player_Season` (`players_id`, `season_id`) VALUES ('52', '1');
INSERT INTO `nfldb`.`Player_Season` (`players_id`, `season_id`) VALUES ('53', '1');
INSERT INTO `nfldb`.`Player_Season` (`players_id`, `season_id`) VALUES ('54', '1');
INSERT INTO `nfldb`.`Player_Season` (`players_id`, `season_id`) VALUES ('55', '1');
INSERT INTO `nfldb`.`Player_Season` (`players_id`, `season_id`) VALUES ('56', '1');
INSERT INTO `nfldb`.`Player_Season` (`players_id`, `season_id`) VALUES ('57', '1');
INSERT INTO `nfldb`.`Player_Season` (`players_id`, `season_id`) VALUES ('58', '1');
INSERT INTO `nfldb`.`Player_Season` (`players_id`, `season_id`) VALUES ('59', '1');
INSERT INTO `nfldb`.`Player_Season` (`players_id`, `season_id`) VALUES ('60', '1');
INSERT INTO `nfldb`.`Player_Season` (`players_id`, `season_id`) VALUES ('61', '1');
INSERT INTO `nfldb`.`Player_Season` (`players_id`, `season_id`) VALUES ('62', '1');
INSERT INTO `nfldb`.`Player_Season` (`players_id`, `season_id`) VALUES ('63', '1');
INSERT INTO `nfldb`.`Player_Season` (`players_id`, `season_id`) VALUES ('64', '1');
INSERT INTO `nfldb`.`Player_Season` (`players_id`, `season_id`) VALUES ('65', '1');
INSERT INTO `nfldb`.`Player_Season` (`players_id`, `season_id`) VALUES ('66', '1');
INSERT INTO `nfldb`.`Player_Season` (`players_id`, `season_id`) VALUES ('67', '1');
INSERT INTO `nfldb`.`Player_Season` (`players_id`, `season_id`) VALUES ('68', '1');
INSERT INTO `nfldb`.`Player_Season` (`players_id`, `season_id`) VALUES ('69', '1');
INSERT INTO `nfldb`.`Player_Season` (`players_id`, `season_id`) VALUES ('70', '1');
INSERT INTO `nfldb`.`Player_Season` (`players_id`, `season_id`) VALUES ('71', '1');
INSERT INTO `nfldb`.`Player_Season` (`players_id`, `season_id`) VALUES ('72', '1');
INSERT INTO `nfldb`.`Player_Season` (`players_id`, `season_id`) VALUES ('73', '1');
INSERT INTO `nfldb`.`Player_Season` (`players_id`, `season_id`) VALUES ('74', '1');
INSERT INTO `nfldb`.`Player_Season` (`players_id`, `season_id`) VALUES ('75', '1');
INSERT INTO `nfldb`.`Player_Season` (`players_id`, `season_id`) VALUES ('76', '1');
INSERT INTO `nfldb`.`Player_Season` (`players_id`, `season_id`) VALUES ('77', '1');
INSERT INTO `nfldb`.`Player_Season` (`players_id`, `season_id`) VALUES ('78', '1');
INSERT INTO `nfldb`.`Player_Season` (`players_id`, `season_id`) VALUES ('79', '1');
INSERT INTO `nfldb`.`Player_Season` (`players_id`, `season_id`) VALUES ('80', '1');
INSERT INTO `nfldb`.`Player_Season` (`players_id`, `season_id`) VALUES ('81', '1');
INSERT INTO `nfldb`.`Player_Season` (`players_id`, `season_id`) VALUES ('82', '1');
INSERT INTO `nfldb`.`Player_Season` (`players_id`, `season_id`) VALUES ('83', '1');
INSERT INTO `nfldb`.`Player_Season` (`players_id`, `season_id`) VALUES ('84', '1');
INSERT INTO `nfldb`.`Player_Season` (`players_id`, `season_id`) VALUES ('85', '1');
INSERT INTO `nfldb`.`Player_Season` (`players_id`, `season_id`) VALUES ('86', '1');
INSERT INTO `nfldb`.`Player_Season` (`players_id`, `season_id`) VALUES ('87', '1');
INSERT INTO `nfldb`.`Player_Season` (`players_id`, `season_id`) VALUES ('88', '1');
INSERT INTO `nfldb`.`Player_Season` (`players_id`, `season_id`) VALUES ('89', '1');
INSERT INTO `nfldb`.`Player_Season` (`players_id`, `season_id`) VALUES ('90', '1');
INSERT INTO `nfldb`.`Player_Season` (`players_id`, `season_id`) VALUES ('91', '1');
INSERT INTO `nfldb`.`Player_Season` (`players_id`, `season_id`) VALUES ('92', '1');
INSERT INTO `nfldb`.`Player_Season` (`players_id`, `season_id`) VALUES ('93', '1');
INSERT INTO `nfldb`.`Player_Season` (`players_id`, `season_id`) VALUES ('94', '1');
INSERT INTO `nfldb`.`Player_Season` (`players_id`, `season_id`) VALUES ('95', '1');
INSERT INTO `nfldb`.`Player_Season` (`players_id`, `season_id`) VALUES ('96', '1');
INSERT INTO `nfldb`.`Player_Season` (`players_id`, `season_id`) VALUES ('97', '1');
INSERT INTO `nfldb`.`Player_Season` (`players_id`, `season_id`) VALUES ('98', '1');
INSERT INTO `nfldb`.`Player_Season` (`players_id`, `season_id`) VALUES ('99', '1');
INSERT INTO `nfldb`.`Player_Season` (`players_id`, `season_id`) VALUES ('100', '1');
INSERT INTO `nfldb`.`Player_Season` (`players_id`, `season_id`) VALUES ('101', '1');
INSERT INTO `nfldb`.`Player_Season` (`players_id`, `season_id`) VALUES ('102', '1');
INSERT INTO `nfldb`.`Player_Season` (`players_id`, `season_id`) VALUES ('103', '1');
INSERT INTO `nfldb`.`Player_Season` (`players_id`, `season_id`) VALUES ('104', '1');
INSERT INTO `nfldb`.`Player_Season` (`players_id`, `season_id`) VALUES ('105', '1');
INSERT INTO `nfldb`.`Player_Season` (`players_id`, `season_id`) VALUES ('106', '1');
INSERT INTO `nfldb`.`Player_Season` (`players_id`, `season_id`) VALUES ('107', '1');
INSERT INTO `nfldb`.`Player_Season` (`players_id`, `season_id`) VALUES ('108', '1');
INSERT INTO `nfldb`.`Player_Season` (`players_id`, `season_id`) VALUES ('109', '1');
INSERT INTO `nfldb`.`Player_Season` (`players_id`, `season_id`) VALUES ('110', '1');
INSERT INTO `nfldb`.`Player_Season` (`players_id`, `season_id`) VALUES ('111', '1');
INSERT INTO `nfldb`.`Player_Season` (`players_id`, `season_id`) VALUES ('112', '1');
INSERT INTO `nfldb`.`Player_Season` (`players_id`, `season_id`) VALUES ('113', '1');
INSERT INTO `nfldb`.`Player_Season` (`players_id`, `season_id`) VALUES ('114', '1');
INSERT INTO `nfldb`.`Player_Season` (`players_id`, `season_id`) VALUES ('115', '1');
INSERT INTO `nfldb`.`Player_Season` (`players_id`, `season_id`) VALUES ('116', '1');
INSERT INTO `nfldb`.`Player_Season` (`players_id`, `season_id`) VALUES ('117', '1');
INSERT INTO `nfldb`.`Player_Season` (`players_id`, `season_id`) VALUES ('118', '1');
INSERT INTO `nfldb`.`Player_Season` (`players_id`, `season_id`) VALUES ('119', '1');
INSERT INTO `nfldb`.`Player_Season` (`players_id`, `season_id`) VALUES ('120', '1');
INSERT INTO `nfldb`.`Player_Season` (`players_id`, `season_id`) VALUES ('121', '1');
INSERT INTO `nfldb`.`Player_Season` (`players_id`, `season_id`) VALUES ('122', '1');
INSERT INTO `nfldb`.`Player_Season` (`players_id`, `season_id`) VALUES ('123', '1');
INSERT INTO `nfldb`.`Player_Season` (`players_id`, `season_id`) VALUES ('124', '1');
INSERT INTO `nfldb`.`Player_Season` (`players_id`, `season_id`) VALUES ('125', '1');
INSERT INTO `nfldb`.`Player_Season` (`players_id`, `season_id`) VALUES ('126', '1');
INSERT INTO `nfldb`.`Player_Season` (`players_id`, `season_id`) VALUES ('127', '1');
INSERT INTO `nfldb`.`Player_Season` (`players_id`, `season_id`) VALUES ('128', '1');
INSERT INTO `nfldb`.`Player_Season` (`players_id`, `season_id`) VALUES ('129', '1');
INSERT INTO `nfldb`.`Player_Season` (`players_id`, `season_id`) VALUES ('130', '1');
INSERT INTO `nfldb`.`Player_Season` (`players_id`, `season_id`) VALUES ('131', '1');
INSERT INTO `nfldb`.`Player_Season` (`players_id`, `season_id`) VALUES ('132', '1');
INSERT INTO `nfldb`.`Player_Season` (`players_id`, `season_id`) VALUES ('133', '1');
INSERT INTO `nfldb`.`Player_Season` (`players_id`, `season_id`) VALUES ('134', '1');
INSERT INTO `nfldb`.`Player_Season` (`players_id`, `season_id`) VALUES ('135', '1');
INSERT INTO `nfldb`.`Player_Season` (`players_id`, `season_id`) VALUES ('136', '1');
INSERT INTO `nfldb`.`Player_Season` (`players_id`, `season_id`) VALUES ('137', '1');
INSERT INTO `nfldb`.`Player_Season` (`players_id`, `season_id`) VALUES ('138', '1');
INSERT INTO `nfldb`.`Player_Season` (`players_id`, `season_id`) VALUES ('139', '1');
INSERT INTO `nfldb`.`Player_Season` (`players_id`, `season_id`) VALUES ('140', '1');
INSERT INTO `nfldb`.`Player_Season` (`players_id`, `season_id`) VALUES ('141', '1');
INSERT INTO `nfldb`.`Player_Season` (`players_id`, `season_id`) VALUES ('142', '1');
INSERT INTO `nfldb`.`Player_Season` (`players_id`, `season_id`) VALUES ('143', '1');
INSERT INTO `nfldb`.`Player_Season` (`players_id`, `season_id`) VALUES ('144', '1');
INSERT INTO `nfldb`.`Player_Season` (`players_id`, `season_id`) VALUES ('145', '1');
INSERT INTO `nfldb`.`Player_Season` (`players_id`, `season_id`) VALUES ('146', '1');
INSERT INTO `nfldb`.`Player_Season` (`players_id`, `season_id`) VALUES ('147', '1');

COMMIT;

